--------------------------------------------------------
--  파일이 생성됨 - 화요일-9월-16-2025   
--------------------------------------------------------
--------------------------------------------------------
--  DDL for Table PR_CATEGORY
--------------------------------------------------------

  CREATE TABLE "SYSTEM"."PR_CATEGORY" 
   (	"CATEGORY_NAME" VARCHAR2(100 BYTE), 
	"CATEGORY_NUM" NUMBER
   ) PCTFREE 10 PCTUSED 40 INITRANS 1 MAXTRANS 255 
 NOCOMPRESS LOGGING
  STORAGE(INITIAL 65536 NEXT 1048576 MINEXTENTS 1 MAXEXTENTS 2147483645
  PCTINCREASE 0 FREELISTS 1 FREELIST GROUPS 1
  BUFFER_POOL DEFAULT FLASH_CACHE DEFAULT CELL_FLASH_CACHE DEFAULT)
  TABLESPACE "SYSTEM" ;
--------------------------------------------------------
--  DDL for Table PR_COUNTRY
--------------------------------------------------------

  CREATE TABLE "SYSTEM"."PR_COUNTRY" 
   (	"COUNTRY_NAME" VARCHAR2(50 BYTE), 
	"COUNTRY_NUM" NUMBER
   ) PCTFREE 10 PCTUSED 40 INITRANS 1 MAXTRANS 255 
 NOCOMPRESS LOGGING
  STORAGE(INITIAL 65536 NEXT 1048576 MINEXTENTS 1 MAXEXTENTS 2147483645
  PCTINCREASE 0 FREELISTS 1 FREELIST GROUPS 1
  BUFFER_POOL DEFAULT FLASH_CACHE DEFAULT CELL_FLASH_CACHE DEFAULT)
  TABLESPACE "SYSTEM" ;
--------------------------------------------------------
--  DDL for Table PR_FAV
--------------------------------------------------------

  CREATE TABLE "SYSTEM"."PR_FAV" 
   (	"MEMBER_NUM" NUMBER, 
	"GENRE_NUM" NUMBER, 
	"GENRE_FAV" NUMBER
   ) PCTFREE 10 PCTUSED 40 INITRANS 1 MAXTRANS 255 
 NOCOMPRESS LOGGING
  STORAGE(INITIAL 65536 NEXT 1048576 MINEXTENTS 1 MAXEXTENTS 2147483645
  PCTINCREASE 0 FREELISTS 1 FREELIST GROUPS 1
  BUFFER_POOL DEFAULT FLASH_CACHE DEFAULT CELL_FLASH_CACHE DEFAULT)
  TABLESPACE "SYSTEM" ;
--------------------------------------------------------
--  DDL for Table PR_GENRE
--------------------------------------------------------

  CREATE TABLE "SYSTEM"."PR_GENRE" 
   (	"GENRE_NAME" VARCHAR2(50 BYTE), 
	"GENRE_NUM" NUMBER
   ) PCTFREE 10 PCTUSED 40 INITRANS 1 MAXTRANS 255 
 NOCOMPRESS LOGGING
  STORAGE(INITIAL 65536 NEXT 1048576 MINEXTENTS 1 MAXEXTENTS 2147483645
  PCTINCREASE 0 FREELISTS 1 FREELIST GROUPS 1
  BUFFER_POOL DEFAULT FLASH_CACHE DEFAULT CELL_FLASH_CACHE DEFAULT)
  TABLESPACE "SYSTEM" ;
--------------------------------------------------------
--  DDL for Table PR_MEMBER
--------------------------------------------------------

  CREATE TABLE "SYSTEM"."PR_MEMBER" 
   (	"MEMBER_NUM" NUMBER, 
	"MEMBER_NAME" VARCHAR2(50 BYTE), 
	"BIRTH" DATE, 
	"PHONE" VARCHAR2(20 BYTE), 
	"EMAIL" VARCHAR2(100 BYTE), 
	"ID" VARCHAR2(20 BYTE), 
	"PASSWORD" VARCHAR2(50 BYTE), 
	"NICKNAME" VARCHAR2(50 BYTE), 
	"STATUS_CODE" NUMBER
   ) PCTFREE 10 PCTUSED 40 INITRANS 1 MAXTRANS 255 
 NOCOMPRESS LOGGING
  STORAGE(INITIAL 65536 NEXT 1048576 MINEXTENTS 1 MAXEXTENTS 2147483645
  PCTINCREASE 0 FREELISTS 1 FREELIST GROUPS 1
  BUFFER_POOL DEFAULT FLASH_CACHE DEFAULT CELL_FLASH_CACHE DEFAULT)
  TABLESPACE "SYSTEM" ;
--------------------------------------------------------
--  DDL for Table PR_PUBLISHER
--------------------------------------------------------

  CREATE TABLE "SYSTEM"."PR_PUBLISHER" 
   (	"PUBLISHER_NAME" VARCHAR2(100 BYTE), 
	"PUBLISHER_NUM" VARCHAR2(50 BYTE)
   ) PCTFREE 10 PCTUSED 40 INITRANS 1 MAXTRANS 255 
 NOCOMPRESS LOGGING
  STORAGE(INITIAL 65536 NEXT 1048576 MINEXTENTS 1 MAXEXTENTS 2147483645
  PCTINCREASE 0 FREELISTS 1 FREELIST GROUPS 1
  BUFFER_POOL DEFAULT FLASH_CACHE DEFAULT CELL_FLASH_CACHE DEFAULT)
  TABLESPACE "SYSTEM" ;
--------------------------------------------------------
--  DDL for Table PR_SCORE
--------------------------------------------------------

  CREATE TABLE "SYSTEM"."PR_SCORE" 
   (	"MEMBER_NUM" NUMBER, 
	"BOOK_NUM" VARCHAR2(50 BYTE), 
	"SCORE" NUMBER
   ) PCTFREE 10 PCTUSED 40 INITRANS 1 MAXTRANS 255 
 NOCOMPRESS LOGGING
  STORAGE(INITIAL 65536 NEXT 1048576 MINEXTENTS 1 MAXEXTENTS 2147483645
  PCTINCREASE 0 FREELISTS 1 FREELIST GROUPS 1
  BUFFER_POOL DEFAULT FLASH_CACHE DEFAULT CELL_FLASH_CACHE DEFAULT)
  TABLESPACE "SYSTEM" ;
--------------------------------------------------------
--  DDL for Table PR_STATUS
--------------------------------------------------------

  CREATE TABLE "SYSTEM"."PR_STATUS" 
   (	"STATUS" VARCHAR2(20 BYTE), 
	"STATUS_CODE" NUMBER
   ) PCTFREE 10 PCTUSED 40 INITRANS 1 MAXTRANS 255 
 NOCOMPRESS LOGGING
  STORAGE(INITIAL 65536 NEXT 1048576 MINEXTENTS 1 MAXEXTENTS 2147483645
  PCTINCREASE 0 FREELISTS 1 FREELIST GROUPS 1
  BUFFER_POOL DEFAULT FLASH_CACHE DEFAULT CELL_FLASH_CACHE DEFAULT)
  TABLESPACE "SYSTEM" ;
--------------------------------------------------------
--  DDL for Table PR_TRANSLATED
--------------------------------------------------------

  CREATE TABLE "SYSTEM"."PR_TRANSLATED" 
   (	"TRANSLATED_STATUS" VARCHAR2(50 BYTE), 
	"TRANSLATED_CODE" NUMBER
   ) PCTFREE 10 PCTUSED 40 INITRANS 1 MAXTRANS 255 
 NOCOMPRESS LOGGING
  STORAGE(INITIAL 65536 NEXT 1048576 MINEXTENTS 1 MAXEXTENTS 2147483645
  PCTINCREASE 0 FREELISTS 1 FREELIST GROUPS 1
  BUFFER_POOL DEFAULT FLASH_CACHE DEFAULT CELL_FLASH_CACHE DEFAULT)
  TABLESPACE "SYSTEM" ;
--------------------------------------------------------
--  DDL for Table PR_TYPE
--------------------------------------------------------

  CREATE TABLE "SYSTEM"."PR_TYPE" 
   (	"TYPE_NAME" VARCHAR2(50 BYTE), 
	"TYPE_NUM" NUMBER
   ) PCTFREE 10 PCTUSED 40 INITRANS 1 MAXTRANS 255 
 NOCOMPRESS LOGGING
  STORAGE(INITIAL 65536 NEXT 1048576 MINEXTENTS 1 MAXEXTENTS 2147483645
  PCTINCREASE 0 FREELISTS 1 FREELIST GROUPS 1
  BUFFER_POOL DEFAULT FLASH_CACHE DEFAULT CELL_FLASH_CACHE DEFAULT)
  TABLESPACE "SYSTEM" ;
--------------------------------------------------------
--  DDL for Table PR_WORK
--------------------------------------------------------

  CREATE TABLE "SYSTEM"."PR_WORK" 
   (	"BOOK_NUM" VARCHAR2(50 BYTE), 
	"BOOK_NAME" VARCHAR2(200 BYTE), 
	"WRITER_NUM" VARCHAR2(50 BYTE), 
	"PUBLISHER_NUM" VARCHAR2(50 BYTE), 
	"COUNTRY_NUM" NUMBER, 
	"TRANSLATED_CODE" NUMBER(1,0), 
	"CATEGORY_NUM" NUMBER, 
	"TYPE_NUM" NUMBER
   ) PCTFREE 10 PCTUSED 40 INITRANS 1 MAXTRANS 255 
 NOCOMPRESS LOGGING
  STORAGE(INITIAL 65536 NEXT 1048576 MINEXTENTS 1 MAXEXTENTS 2147483645
  PCTINCREASE 0 FREELISTS 1 FREELIST GROUPS 1
  BUFFER_POOL DEFAULT FLASH_CACHE DEFAULT CELL_FLASH_CACHE DEFAULT)
  TABLESPACE "SYSTEM" ;
--------------------------------------------------------
--  DDL for Table PR_WORKTOGENRE
--------------------------------------------------------

  CREATE TABLE "SYSTEM"."PR_WORKTOGENRE" 
   (	"BOOK_NUM" VARCHAR2(50 BYTE), 
	"GENRE_NUM" NUMBER
   ) PCTFREE 10 PCTUSED 40 INITRANS 1 MAXTRANS 255 
 NOCOMPRESS LOGGING
  STORAGE(INITIAL 65536 NEXT 1048576 MINEXTENTS 1 MAXEXTENTS 2147483645
  PCTINCREASE 0 FREELISTS 1 FREELIST GROUPS 1
  BUFFER_POOL DEFAULT FLASH_CACHE DEFAULT CELL_FLASH_CACHE DEFAULT)
  TABLESPACE "SYSTEM" ;
--------------------------------------------------------
--  DDL for Table PR_WRITER
--------------------------------------------------------

  CREATE TABLE "SYSTEM"."PR_WRITER" 
   (	"WRITER_NUM" VARCHAR2(50 BYTE), 
	"WRITER_NAME" VARCHAR2(100 BYTE), 
	"COUNTRY_NUM" NUMBER
   ) PCTFREE 10 PCTUSED 40 INITRANS 1 MAXTRANS 255 
 NOCOMPRESS LOGGING
  STORAGE(INITIAL 65536 NEXT 1048576 MINEXTENTS 1 MAXEXTENTS 2147483645
  PCTINCREASE 0 FREELISTS 1 FREELIST GROUPS 1
  BUFFER_POOL DEFAULT FLASH_CACHE DEFAULT CELL_FLASH_CACHE DEFAULT)
  TABLESPACE "SYSTEM" ;
REM INSERTING into SYSTEM.PR_CATEGORY
SET DEFINE OFF;
Insert into SYSTEM.PR_CATEGORY (CATEGORY_NAME,CATEGORY_NUM) values ('소설',101);
Insert into SYSTEM.PR_CATEGORY (CATEGORY_NAME,CATEGORY_NUM) values ('에세이',102);
Insert into SYSTEM.PR_CATEGORY (CATEGORY_NAME,CATEGORY_NUM) values ('시',103);
Insert into SYSTEM.PR_CATEGORY (CATEGORY_NAME,CATEGORY_NUM) values ('희곡',104);
Insert into SYSTEM.PR_CATEGORY (CATEGORY_NAME,CATEGORY_NUM) values ('만화',200);
Insert into SYSTEM.PR_CATEGORY (CATEGORY_NAME,CATEGORY_NUM) values ('학습/교육',300);
Insert into SYSTEM.PR_CATEGORY (CATEGORY_NAME,CATEGORY_NUM) values ('문제집',310);
Insert into SYSTEM.PR_CATEGORY (CATEGORY_NAME,CATEGORY_NUM) values ('초등문제집',311);
Insert into SYSTEM.PR_CATEGORY (CATEGORY_NAME,CATEGORY_NUM) values ('중등문제집',312);
Insert into SYSTEM.PR_CATEGORY (CATEGORY_NAME,CATEGORY_NUM) values ('고등문제집',313);
Insert into SYSTEM.PR_CATEGORY (CATEGORY_NAME,CATEGORY_NUM) values ('사전/백과사전',320);
Insert into SYSTEM.PR_CATEGORY (CATEGORY_NAME,CATEGORY_NUM) values ('전문/학술 서적',400);
Insert into SYSTEM.PR_CATEGORY (CATEGORY_NAME,CATEGORY_NUM) values ('실용/취미',500);
REM INSERTING into SYSTEM.PR_COUNTRY
SET DEFINE OFF;
Insert into SYSTEM.PR_COUNTRY (COUNTRY_NAME,COUNTRY_NUM) values ('국내',1);
Insert into SYSTEM.PR_COUNTRY (COUNTRY_NAME,COUNTRY_NUM) values ('일본',2);
Insert into SYSTEM.PR_COUNTRY (COUNTRY_NAME,COUNTRY_NUM) values ('중국',3);
Insert into SYSTEM.PR_COUNTRY (COUNTRY_NAME,COUNTRY_NUM) values ('영미',4);
Insert into SYSTEM.PR_COUNTRY (COUNTRY_NAME,COUNTRY_NUM) values ('기타국가',5);
REM INSERTING into SYSTEM.PR_FAV
SET DEFINE OFF;
REM INSERTING into SYSTEM.PR_GENRE
SET DEFINE OFF;
Insert into SYSTEM.PR_GENRE (GENRE_NAME,GENRE_NUM) values ('액션',100);
Insert into SYSTEM.PR_GENRE (GENRE_NAME,GENRE_NUM) values ('판타지',200);
Insert into SYSTEM.PR_GENRE (GENRE_NAME,GENRE_NUM) values ('로맨스',300);
Insert into SYSTEM.PR_GENRE (GENRE_NAME,GENRE_NUM) values ('코미디',400);
Insert into SYSTEM.PR_GENRE (GENRE_NAME,GENRE_NUM) values ('드라마',500);
Insert into SYSTEM.PR_GENRE (GENRE_NAME,GENRE_NUM) values ('스포츠',600);
Insert into SYSTEM.PR_GENRE (GENRE_NAME,GENRE_NUM) values ('추리',700);
Insert into SYSTEM.PR_GENRE (GENRE_NAME,GENRE_NUM) values ('공포',800);
Insert into SYSTEM.PR_GENRE (GENRE_NAME,GENRE_NUM) values ('SF',900);
Insert into SYSTEM.PR_GENRE (GENRE_NAME,GENRE_NUM) values ('미스터리',1000);
Insert into SYSTEM.PR_GENRE (GENRE_NAME,GENRE_NUM) values ('일상',1100);
Insert into SYSTEM.PR_GENRE (GENRE_NAME,GENRE_NUM) values ('밀리터리',1200);
Insert into SYSTEM.PR_GENRE (GENRE_NAME,GENRE_NUM) values ('스릴러',1300);
Insert into SYSTEM.PR_GENRE (GENRE_NAME,GENRE_NUM) values ('철학',1400);
Insert into SYSTEM.PR_GENRE (GENRE_NAME,GENRE_NUM) values ('성장',1500);
Insert into SYSTEM.PR_GENRE (GENRE_NAME,GENRE_NUM) values ('자기계발',1600);
Insert into SYSTEM.PR_GENRE (GENRE_NAME,GENRE_NUM) values ('심리',1700);
Insert into SYSTEM.PR_GENRE (GENRE_NAME,GENRE_NUM) values ('역사',1800);
Insert into SYSTEM.PR_GENRE (GENRE_NAME,GENRE_NUM) values ('과학',1900);
Insert into SYSTEM.PR_GENRE (GENRE_NAME,GENRE_NUM) values ('종교/영성',2000);
Insert into SYSTEM.PR_GENRE (GENRE_NAME,GENRE_NUM) values ('여행',2100);
Insert into SYSTEM.PR_GENRE (GENRE_NAME,GENRE_NUM) values ('요리/음식',2200);
Insert into SYSTEM.PR_GENRE (GENRE_NAME,GENRE_NUM) values ('건강/운동',2300);
Insert into SYSTEM.PR_GENRE (GENRE_NAME,GENRE_NUM) values ('경제/경영',2400);
Insert into SYSTEM.PR_GENRE (GENRE_NAME,GENRE_NUM) values ('예술/디자인',2500);
Insert into SYSTEM.PR_GENRE (GENRE_NAME,GENRE_NUM) values ('컴퓨터/IT',2600);
Insert into SYSTEM.PR_GENRE (GENRE_NAME,GENRE_NUM) values ('아동',2700);
REM INSERTING into SYSTEM.PR_MEMBER
SET DEFINE OFF;
Insert into SYSTEM.PR_MEMBER (MEMBER_NUM,MEMBER_NAME,BIRTH,PHONE,EMAIL,ID,PASSWORD,NICKNAME,STATUS_CODE) values (1,'관리자',to_date('97/10/04','RR/MM/DD'),'01012345678','admin00@gmail.com','adminid00','adminpw00','관리자',0);
Insert into SYSTEM.PR_MEMBER (MEMBER_NUM,MEMBER_NAME,BIRTH,PHONE,EMAIL,ID,PASSWORD,NICKNAME,STATUS_CODE) values (2,'김철',to_date('86/08/28','RR/MM/DD'),'01086081873','iron28@naver.com','miae18','iron28','철왕',9);
Insert into SYSTEM.PR_MEMBER (MEMBER_NUM,MEMBER_NAME,BIRTH,PHONE,EMAIL,ID,PASSWORD,NICKNAME,STATUS_CODE) values (3,'김지훈',to_date('90/01/22','RR/MM/DD'),'01090112234','jihun90@gmail.com','jihun90','jihunpw22','훈지',9);
Insert into SYSTEM.PR_MEMBER (MEMBER_NUM,MEMBER_NAME,BIRTH,PHONE,EMAIL,ID,PASSWORD,NICKNAME,STATUS_CODE) values (4,'박소영',to_date('95/07/03','RR/MM/DD'),'01095070345','soyoung95@hanmail.net','soyoung95','pass1234','SOY',9);
Insert into SYSTEM.PR_MEMBER (MEMBER_NUM,MEMBER_NAME,BIRTH,PHONE,EMAIL,ID,PASSWORD,NICKNAME,STATUS_CODE) values (5,'이태현',to_date('88/11/15','RR/MM/DD'),'01088111567','taehyun88@kakao.com','taehyun88','taePass88','eKDLGYS',9);
Insert into SYSTEM.PR_MEMBER (MEMBER_NUM,MEMBER_NAME,BIRTH,PHONE,EMAIL,ID,PASSWORD,NICKNAME,STATUS_CODE) values (6,'최수정',to_date('92/03/09','RR/MM/DD'),'01092030989','sujeong92@naver.com','sujeong92','sujeongPW','CRYSTAL',9);
Insert into SYSTEM.PR_MEMBER (MEMBER_NUM,MEMBER_NAME,BIRTH,PHONE,EMAIL,ID,PASSWORD,NICKNAME,STATUS_CODE) values (7,'정유진',to_date('97/06/27','RR/MM/DD'),'01097062712','yujin97@gmail.com','yujin97','yujin!97','JYJ',9);
Insert into SYSTEM.PR_MEMBER (MEMBER_NUM,MEMBER_NAME,BIRTH,PHONE,EMAIL,ID,PASSWORD,NICKNAME,STATUS_CODE) values (8,'오상민',to_date('85/09/01','RR/MM/DD'),'01085090155','sangmin85@daum.net','sangmin85','sangMin85','5SANG',9);
Insert into SYSTEM.PR_MEMBER (MEMBER_NUM,MEMBER_NAME,BIRTH,PHONE,EMAIL,ID,PASSWORD,NICKNAME,STATUS_CODE) values (9,'한지훈',to_date('93/12/10','RR/MM/DD'),'01093121034','jihoon93@naver.com','jihoon93','jiHoon93#','KPAPER',9);
Insert into SYSTEM.PR_MEMBER (MEMBER_NUM,MEMBER_NAME,BIRTH,PHONE,EMAIL,ID,PASSWORD,NICKNAME,STATUS_CODE) values (10,'윤하늘',to_date('99/05/14','RR/MM/DD'),'01099051466','haneul99@outlook.com','haneul99','haneulPW99','SKY',9);
Insert into SYSTEM.PR_MEMBER (MEMBER_NUM,MEMBER_NAME,BIRTH,PHONE,EMAIL,ID,PASSWORD,NICKNAME,STATUS_CODE) values (11,'배민정',to_date('87/02/28','RR/MM/DD'),'01087022878','minjung87@korea.com','minjung87','minjung87PW','BOATPEAR',9);
Insert into SYSTEM.PR_MEMBER (MEMBER_NUM,MEMBER_NAME,BIRTH,PHONE,EMAIL,ID,PASSWORD,NICKNAME,STATUS_CODE) values (12,'최번개',to_date('97/10/04','RR/MM/DD'),'01012345678','lightning410@naver.com','thunder1004','choi1004','번개맨',9);
Insert into SYSTEM.PR_MEMBER (MEMBER_NUM,MEMBER_NAME,BIRTH,PHONE,EMAIL,ID,PASSWORD,NICKNAME,STATUS_CODE) values (13,'황미애',to_date('86/08/18','RR/MM/DD'),'01086081872','miae18@naver.com','miae18','iron28','ㅇㅅㅇ',9);
REM INSERTING into SYSTEM.PR_PUBLISHER
SET DEFINE OFF;
Insert into SYSTEM.PR_PUBLISHER (PUBLISHER_NAME,PUBLISHER_NUM) values ('창비','1');
Insert into SYSTEM.PR_PUBLISHER (PUBLISHER_NAME,PUBLISHER_NUM) values ('문학동네','2');
Insert into SYSTEM.PR_PUBLISHER (PUBLISHER_NAME,PUBLISHER_NUM) values ('민음사','3');
Insert into SYSTEM.PR_PUBLISHER (PUBLISHER_NAME,PUBLISHER_NUM) values ('김영사','4');
Insert into SYSTEM.PR_PUBLISHER (PUBLISHER_NAME,PUBLISHER_NUM) values ('위즈덤하우스','5');
Insert into SYSTEM.PR_PUBLISHER (PUBLISHER_NAME,PUBLISHER_NUM) values ('다산북스','6');
Insert into SYSTEM.PR_PUBLISHER (PUBLISHER_NAME,PUBLISHER_NUM) values ('웅진지식하우스','7');
Insert into SYSTEM.PR_PUBLISHER (PUBLISHER_NAME,PUBLISHER_NUM) values ('포레스트북스','8');
Insert into SYSTEM.PR_PUBLISHER (PUBLISHER_NAME,PUBLISHER_NUM) values ('비룡소','9');
Insert into SYSTEM.PR_PUBLISHER (PUBLISHER_NAME,PUBLISHER_NUM) values ('한빛비즈','10');
Insert into SYSTEM.PR_PUBLISHER (PUBLISHER_NAME,PUBLISHER_NUM) values ('에코리브르','11');
Insert into SYSTEM.PR_PUBLISHER (PUBLISHER_NAME,PUBLISHER_NUM) values ('에이치스토리','12');
Insert into SYSTEM.PR_PUBLISHER (PUBLISHER_NAME,PUBLISHER_NUM) values ('북웨일','13');
Insert into SYSTEM.PR_PUBLISHER (PUBLISHER_NAME,PUBLISHER_NUM) values ('문학과지성사','14');
Insert into SYSTEM.PR_PUBLISHER (PUBLISHER_NAME,PUBLISHER_NUM) values ('와이즈베리','15');
Insert into SYSTEM.PR_PUBLISHER (PUBLISHER_NAME,PUBLISHER_NUM) values ('인플루엔셜','16');
Insert into SYSTEM.PR_PUBLISHER (PUBLISHER_NAME,PUBLISHER_NUM) values ('비즈니스북스','17');
Insert into SYSTEM.PR_PUBLISHER (PUBLISHER_NAME,PUBLISHER_NUM) values ('데이원','18');
Insert into SYSTEM.PR_PUBLISHER (PUBLISHER_NAME,PUBLISHER_NUM) values ('김승수미디어','19');
Insert into SYSTEM.PR_PUBLISHER (PUBLISHER_NAME,PUBLISHER_NUM) values ('소미미디어','20');
REM INSERTING into SYSTEM.PR_SCORE
SET DEFINE OFF;
REM INSERTING into SYSTEM.PR_STATUS
SET DEFINE OFF;
Insert into SYSTEM.PR_STATUS (STATUS,STATUS_CODE) values ('관리자',0);
Insert into SYSTEM.PR_STATUS (STATUS,STATUS_CODE) values ('부관리자',1);
Insert into SYSTEM.PR_STATUS (STATUS,STATUS_CODE) values ('일반 사용자',9);
REM INSERTING into SYSTEM.PR_TRANSLATED
SET DEFINE OFF;
Insert into SYSTEM.PR_TRANSLATED (TRANSLATED_STATUS,TRANSLATED_CODE) values ('한국어 원작',1);
Insert into SYSTEM.PR_TRANSLATED (TRANSLATED_STATUS,TRANSLATED_CODE) values ('번역본',2);
Insert into SYSTEM.PR_TRANSLATED (TRANSLATED_STATUS,TRANSLATED_CODE) values ('원서',3);
REM INSERTING into SYSTEM.PR_TYPE
SET DEFINE OFF;
Insert into SYSTEM.PR_TYPE (TYPE_NAME,TYPE_NUM) values ('책',1);
Insert into SYSTEM.PR_TYPE (TYPE_NAME,TYPE_NUM) values ('전자책',2);
Insert into SYSTEM.PR_TYPE (TYPE_NAME,TYPE_NUM) values ('웹툰',3);
Insert into SYSTEM.PR_TYPE (TYPE_NAME,TYPE_NUM) values ('웹소설',4);
REM INSERTING into SYSTEM.PR_WORK
SET DEFINE OFF;
Insert into SYSTEM.PR_WORK (BOOK_NUM,BOOK_NAME,WRITER_NUM,PUBLISHER_NUM,COUNTRY_NUM,TRANSLATED_CODE,CATEGORY_NUM,TYPE_NUM) values ('1','소년이 온다','1','1',1,1,101,1);
Insert into SYSTEM.PR_WORK (BOOK_NUM,BOOK_NAME,WRITER_NUM,PUBLISHER_NUM,COUNTRY_NUM,TRANSLATED_CODE,CATEGORY_NUM,TYPE_NUM) values ('2','채식주의자','1','1',1,1,101,1);
Insert into SYSTEM.PR_WORK (BOOK_NUM,BOOK_NAME,WRITER_NUM,PUBLISHER_NUM,COUNTRY_NUM,TRANSLATED_CODE,CATEGORY_NUM,TYPE_NUM) values ('3','작별하지 않는다','1','2',1,1,101,1);
Insert into SYSTEM.PR_WORK (BOOK_NUM,BOOK_NAME,WRITER_NUM,PUBLISHER_NUM,COUNTRY_NUM,TRANSLATED_CODE,CATEGORY_NUM,TYPE_NUM) values ('4','흰','1','2',1,1,103,1);
Insert into SYSTEM.PR_WORK (BOOK_NUM,BOOK_NAME,WRITER_NUM,PUBLISHER_NUM,COUNTRY_NUM,TRANSLATED_CODE,CATEGORY_NUM,TYPE_NUM) values ('5','서랍에 저녁을 넣어 두었다','1','14',1,1,101,1);
Insert into SYSTEM.PR_WORK (BOOK_NUM,BOOK_NAME,WRITER_NUM,PUBLISHER_NUM,COUNTRY_NUM,TRANSLATED_CODE,CATEGORY_NUM,TYPE_NUM) values ('6','희랍어 시간','1','1',1,1,101,1);
Insert into SYSTEM.PR_WORK (BOOK_NUM,BOOK_NAME,WRITER_NUM,PUBLISHER_NUM,COUNTRY_NUM,TRANSLATED_CODE,CATEGORY_NUM,TYPE_NUM) values ('7','트렌드 코리아 2025','25','6',1,1,400,1);
Insert into SYSTEM.PR_WORK (BOOK_NUM,BOOK_NAME,WRITER_NUM,PUBLISHER_NUM,COUNTRY_NUM,TRANSLATED_CODE,CATEGORY_NUM,TYPE_NUM) values ('8','이중 하나는 거짓말','2','2',1,1,101,1);
Insert into SYSTEM.PR_WORK (BOOK_NUM,BOOK_NAME,WRITER_NUM,PUBLISHER_NUM,COUNTRY_NUM,TRANSLATED_CODE,CATEGORY_NUM,TYPE_NUM) values ('9','영원한 천국','5','1',1,1,101,1);
Insert into SYSTEM.PR_WORK (BOOK_NUM,BOOK_NAME,WRITER_NUM,PUBLISHER_NUM,COUNTRY_NUM,TRANSLATED_CODE,CATEGORY_NUM,TYPE_NUM) values ('10','불변의 법칙','7','5',4,2,400,1);
Insert into SYSTEM.PR_WORK (BOOK_NUM,BOOK_NAME,WRITER_NUM,PUBLISHER_NUM,COUNTRY_NUM,TRANSLATED_CODE,CATEGORY_NUM,TYPE_NUM) values ('11','고전이 답했다 마땅히 살아야 할 삶에 대하여','8','1',1,1,102,1);
Insert into SYSTEM.PR_WORK (BOOK_NUM,BOOK_NAME,WRITER_NUM,PUBLISHER_NUM,COUNTRY_NUM,TRANSLATED_CODE,CATEGORY_NUM,TYPE_NUM) values ('12','생각의 연금술','6','8',4,2,102,1);
Insert into SYSTEM.PR_WORK (BOOK_NUM,BOOK_NAME,WRITER_NUM,PUBLISHER_NUM,COUNTRY_NUM,TRANSLATED_CODE,CATEGORY_NUM,TYPE_NUM) values ('13','이처럼 사소한 것들','15','14',1,1,102,1);
Insert into SYSTEM.PR_WORK (BOOK_NUM,BOOK_NAME,WRITER_NUM,PUBLISHER_NUM,COUNTRY_NUM,TRANSLATED_CODE,CATEGORY_NUM,TYPE_NUM) values ('14','하루 한 장 나의 어휘력을 위한 필사 노트','12','5',1,1,300,1);
Insert into SYSTEM.PR_WORK (BOOK_NUM,BOOK_NAME,WRITER_NUM,PUBLISHER_NUM,COUNTRY_NUM,TRANSLATED_CODE,CATEGORY_NUM,TYPE_NUM) values ('15','그릿','11','6',4,2,400,1);
Insert into SYSTEM.PR_WORK (BOOK_NUM,BOOK_NAME,WRITER_NUM,PUBLISHER_NUM,COUNTRY_NUM,TRANSLATED_CODE,CATEGORY_NUM,TYPE_NUM) values ('16','최재천의 희망 수업','10','1',1,1,300,1);
Insert into SYSTEM.PR_WORK (BOOK_NUM,BOOK_NAME,WRITER_NUM,PUBLISHER_NUM,COUNTRY_NUM,TRANSLATED_CODE,CATEGORY_NUM,TYPE_NUM) values ('17','사피엔스 그래픽 히스토리 Vol.1','3','4',4,2,320,1);
Insert into SYSTEM.PR_WORK (BOOK_NUM,BOOK_NAME,WRITER_NUM,PUBLISHER_NUM,COUNTRY_NUM,TRANSLATED_CODE,CATEGORY_NUM,TYPE_NUM) values ('18','우연은 비켜 가지 않는다','14','4',4,3,101,1);
Insert into SYSTEM.PR_WORK (BOOK_NUM,BOOK_NAME,WRITER_NUM,PUBLISHER_NUM,COUNTRY_NUM,TRANSLATED_CODE,CATEGORY_NUM,TYPE_NUM) values ('19','파친코 1','16','2',4,2,101,1);
Insert into SYSTEM.PR_WORK (BOOK_NUM,BOOK_NAME,WRITER_NUM,PUBLISHER_NUM,COUNTRY_NUM,TRANSLATED_CODE,CATEGORY_NUM,TYPE_NUM) values ('20','모순','19','2',1,1,101,1);
Insert into SYSTEM.PR_WORK (BOOK_NUM,BOOK_NAME,WRITER_NUM,PUBLISHER_NUM,COUNTRY_NUM,TRANSLATED_CODE,CATEGORY_NUM,TYPE_NUM) values ('21','당신이 누군가를 죽였다','4','2',2,2,101,1);
Insert into SYSTEM.PR_WORK (BOOK_NUM,BOOK_NAME,WRITER_NUM,PUBLISHER_NUM,COUNTRY_NUM,TRANSLATED_CODE,CATEGORY_NUM,TYPE_NUM) values ('22','왜 당신은 다른 사람을 위해 살고 있는가','20','12',4,3,400,1);
Insert into SYSTEM.PR_WORK (BOOK_NUM,BOOK_NAME,WRITER_NUM,PUBLISHER_NUM,COUNTRY_NUM,TRANSLATED_CODE,CATEGORY_NUM,TYPE_NUM) values ('23','면도날','14','10',4,2,101,1);
Insert into SYSTEM.PR_WORK (BOOK_NUM,BOOK_NAME,WRITER_NUM,PUBLISHER_NUM,COUNTRY_NUM,TRANSLATED_CODE,CATEGORY_NUM,TYPE_NUM) values ('24','세이노의 가르침','13','18',1,1,102,1);
Insert into SYSTEM.PR_WORK (BOOK_NUM,BOOK_NAME,WRITER_NUM,PUBLISHER_NUM,COUNTRY_NUM,TRANSLATED_CODE,CATEGORY_NUM,TYPE_NUM) values ('25','저속노화 식사법','24','12',1,1,500,1);
Insert into SYSTEM.PR_WORK (BOOK_NUM,BOOK_NAME,WRITER_NUM,PUBLISHER_NUM,COUNTRY_NUM,TRANSLATED_CODE,CATEGORY_NUM,TYPE_NUM) values ('26','불안 세대','11','7',4,2,400,1);
Insert into SYSTEM.PR_WORK (BOOK_NUM,BOOK_NAME,WRITER_NUM,PUBLISHER_NUM,COUNTRY_NUM,TRANSLATED_CODE,CATEGORY_NUM,TYPE_NUM) values ('27','정의란 무엇인가','3','4',4,2,400,1);
Insert into SYSTEM.PR_WORK (BOOK_NUM,BOOK_NAME,WRITER_NUM,PUBLISHER_NUM,COUNTRY_NUM,TRANSLATED_CODE,CATEGORY_NUM,TYPE_NUM) values ('28','초역 부처의 말','8','8',4,2,102,1);
Insert into SYSTEM.PR_WORK (BOOK_NUM,BOOK_NAME,WRITER_NUM,PUBLISHER_NUM,COUNTRY_NUM,TRANSLATED_CODE,CATEGORY_NUM,TYPE_NUM) values ('29','죽을 때까지 나를 다스린다는 것','28','5',2,2,102,1);
Insert into SYSTEM.PR_WORK (BOOK_NUM,BOOK_NAME,WRITER_NUM,PUBLISHER_NUM,COUNTRY_NUM,TRANSLATED_CODE,CATEGORY_NUM,TYPE_NUM) values ('30','한국인의 탄생','20','4',1,1,320,1);
Insert into SYSTEM.PR_WORK (BOOK_NUM,BOOK_NAME,WRITER_NUM,PUBLISHER_NUM,COUNTRY_NUM,TRANSLATED_CODE,CATEGORY_NUM,TYPE_NUM) values ('31','행복의 기원','15','4',1,1,102,1);
Insert into SYSTEM.PR_WORK (BOOK_NUM,BOOK_NAME,WRITER_NUM,PUBLISHER_NUM,COUNTRY_NUM,TRANSLATED_CODE,CATEGORY_NUM,TYPE_NUM) values ('32','그의 운명에 대한 아주 개인적인 생각','20','1',1,1,101,1);
Insert into SYSTEM.PR_WORK (BOOK_NUM,BOOK_NAME,WRITER_NUM,PUBLISHER_NUM,COUNTRY_NUM,TRANSLATED_CODE,CATEGORY_NUM,TYPE_NUM) values ('33','다시, 역사의 쓸모','16','6',1,1,320,1);
Insert into SYSTEM.PR_WORK (BOOK_NUM,BOOK_NAME,WRITER_NUM,PUBLISHER_NUM,COUNTRY_NUM,TRANSLATED_CODE,CATEGORY_NUM,TYPE_NUM) values ('34','선악의 기원','3','4',4,2,400,1);
Insert into SYSTEM.PR_WORK (BOOK_NUM,BOOK_NAME,WRITER_NUM,PUBLISHER_NUM,COUNTRY_NUM,TRANSLATED_CODE,CATEGORY_NUM,TYPE_NUM) values ('35','정의란 무엇인가','11','4',4,2,400,1);
Insert into SYSTEM.PR_WORK (BOOK_NUM,BOOK_NAME,WRITER_NUM,PUBLISHER_NUM,COUNTRY_NUM,TRANSLATED_CODE,CATEGORY_NUM,TYPE_NUM) values ('36','사피엔스: 그래픽 히스토리 Vol.2','3','4',4,2,320,1);
Insert into SYSTEM.PR_WORK (BOOK_NUM,BOOK_NAME,WRITER_NUM,PUBLISHER_NUM,COUNTRY_NUM,TRANSLATED_CODE,CATEGORY_NUM,TYPE_NUM) values ('37','구름관찰자를 위한 그림책','3','4',4,2,200,1);
Insert into SYSTEM.PR_WORK (BOOK_NUM,BOOK_NAME,WRITER_NUM,PUBLISHER_NUM,COUNTRY_NUM,TRANSLATED_CODE,CATEGORY_NUM,TYPE_NUM) values ('38','나는 내가 죽는 날까지','29','3',1,1,102,1);
Insert into SYSTEM.PR_WORK (BOOK_NUM,BOOK_NAME,WRITER_NUM,PUBLISHER_NUM,COUNTRY_NUM,TRANSLATED_CODE,CATEGORY_NUM,TYPE_NUM) values ('39','아몬드','29','1',1,1,101,1);
Insert into SYSTEM.PR_WORK (BOOK_NUM,BOOK_NAME,WRITER_NUM,PUBLISHER_NUM,COUNTRY_NUM,TRANSLATED_CODE,CATEGORY_NUM,TYPE_NUM) values ('40','데미안','18','3',4,2,101,1);
Insert into SYSTEM.PR_WORK (BOOK_NUM,BOOK_NAME,WRITER_NUM,PUBLISHER_NUM,COUNTRY_NUM,TRANSLATED_CODE,CATEGORY_NUM,TYPE_NUM) values ('41','나는 메트로폴리탄 미술관의 경비원입니다','21','5',4,2,101,1);
Insert into SYSTEM.PR_WORK (BOOK_NUM,BOOK_NAME,WRITER_NUM,PUBLISHER_NUM,COUNTRY_NUM,TRANSLATED_CODE,CATEGORY_NUM,TYPE_NUM) values ('42','내 인생의 최악의 일주일 1: 월요일','24','9',4,2,101,1);
Insert into SYSTEM.PR_WORK (BOOK_NUM,BOOK_NAME,WRITER_NUM,PUBLISHER_NUM,COUNTRY_NUM,TRANSLATED_CODE,CATEGORY_NUM,TYPE_NUM) values ('43','파친코 2','16','2',4,2,101,1);
Insert into SYSTEM.PR_WORK (BOOK_NUM,BOOK_NAME,WRITER_NUM,PUBLISHER_NUM,COUNTRY_NUM,TRANSLATED_CODE,CATEGORY_NUM,TYPE_NUM) values ('44','저속노화 식사법','24','12',1,1,500,1);
Insert into SYSTEM.PR_WORK (BOOK_NUM,BOOK_NAME,WRITER_NUM,PUBLISHER_NUM,COUNTRY_NUM,TRANSLATED_CODE,CATEGORY_NUM,TYPE_NUM) values ('45','어느 날, 모교에서 나타난 전학생','22','9',2,2,200,3);
Insert into SYSTEM.PR_WORK (BOOK_NUM,BOOK_NAME,WRITER_NUM,PUBLISHER_NUM,COUNTRY_NUM,TRANSLATED_CODE,CATEGORY_NUM,TYPE_NUM) values ('46','명탐정 코난 105 (특장판)','22','9',2,2,200,1);
Insert into SYSTEM.PR_WORK (BOOK_NUM,BOOK_NAME,WRITER_NUM,PUBLISHER_NUM,COUNTRY_NUM,TRANSLATED_CODE,CATEGORY_NUM,TYPE_NUM) values ('47','우연의 정원','20','1',1,1,102,1);
Insert into SYSTEM.PR_WORK (BOOK_NUM,BOOK_NAME,WRITER_NUM,PUBLISHER_NUM,COUNTRY_NUM,TRANSLATED_CODE,CATEGORY_NUM,TYPE_NUM) values ('48','어린왕자','18','4',4,2,101,1);
Insert into SYSTEM.PR_WORK (BOOK_NUM,BOOK_NAME,WRITER_NUM,PUBLISHER_NUM,COUNTRY_NUM,TRANSLATED_CODE,CATEGORY_NUM,TYPE_NUM) values ('49','미드나잇 라이브러리','21','10',4,2,101,1);
Insert into SYSTEM.PR_WORK (BOOK_NUM,BOOK_NAME,WRITER_NUM,PUBLISHER_NUM,COUNTRY_NUM,TRANSLATED_CODE,CATEGORY_NUM,TYPE_NUM) values ('50','어린이 철학 그림책: 나는 왜?','5','9',1,1,200,1);
REM INSERTING into SYSTEM.PR_WORKTOGENRE
SET DEFINE OFF;
Insert into SYSTEM.PR_WORKTOGENRE (BOOK_NUM,GENRE_NUM) values ('1',500);
Insert into SYSTEM.PR_WORKTOGENRE (BOOK_NUM,GENRE_NUM) values ('2',1400);
Insert into SYSTEM.PR_WORKTOGENRE (BOOK_NUM,GENRE_NUM) values ('3',500);
Insert into SYSTEM.PR_WORKTOGENRE (BOOK_NUM,GENRE_NUM) values ('4',500);
Insert into SYSTEM.PR_WORKTOGENRE (BOOK_NUM,GENRE_NUM) values ('5',500);
Insert into SYSTEM.PR_WORKTOGENRE (BOOK_NUM,GENRE_NUM) values ('6',1400);
Insert into SYSTEM.PR_WORKTOGENRE (BOOK_NUM,GENRE_NUM) values ('7',2400);
Insert into SYSTEM.PR_WORKTOGENRE (BOOK_NUM,GENRE_NUM) values ('8',1000);
Insert into SYSTEM.PR_WORKTOGENRE (BOOK_NUM,GENRE_NUM) values ('9',500);
Insert into SYSTEM.PR_WORKTOGENRE (BOOK_NUM,GENRE_NUM) values ('10',2400);
Insert into SYSTEM.PR_WORKTOGENRE (BOOK_NUM,GENRE_NUM) values ('11',1400);
Insert into SYSTEM.PR_WORKTOGENRE (BOOK_NUM,GENRE_NUM) values ('12',1400);
Insert into SYSTEM.PR_WORKTOGENRE (BOOK_NUM,GENRE_NUM) values ('13',1100);
Insert into SYSTEM.PR_WORKTOGENRE (BOOK_NUM,GENRE_NUM) values ('14',1600);
Insert into SYSTEM.PR_WORKTOGENRE (BOOK_NUM,GENRE_NUM) values ('15',1600);
Insert into SYSTEM.PR_WORKTOGENRE (BOOK_NUM,GENRE_NUM) values ('16',1600);
Insert into SYSTEM.PR_WORKTOGENRE (BOOK_NUM,GENRE_NUM) values ('17',1900);
Insert into SYSTEM.PR_WORKTOGENRE (BOOK_NUM,GENRE_NUM) values ('18',1100);
Insert into SYSTEM.PR_WORKTOGENRE (BOOK_NUM,GENRE_NUM) values ('19',1000);
Insert into SYSTEM.PR_WORKTOGENRE (BOOK_NUM,GENRE_NUM) values ('20',1300);
Insert into SYSTEM.PR_WORKTOGENRE (BOOK_NUM,GENRE_NUM) values ('21',1300);
Insert into SYSTEM.PR_WORKTOGENRE (BOOK_NUM,GENRE_NUM) values ('22',1400);
Insert into SYSTEM.PR_WORKTOGENRE (BOOK_NUM,GENRE_NUM) values ('23',1300);
Insert into SYSTEM.PR_WORKTOGENRE (BOOK_NUM,GENRE_NUM) values ('24',2300);
Insert into SYSTEM.PR_WORKTOGENRE (BOOK_NUM,GENRE_NUM) values ('25',2300);
Insert into SYSTEM.PR_WORKTOGENRE (BOOK_NUM,GENRE_NUM) values ('26',1100);
Insert into SYSTEM.PR_WORKTOGENRE (BOOK_NUM,GENRE_NUM) values ('27',1400);
Insert into SYSTEM.PR_WORKTOGENRE (BOOK_NUM,GENRE_NUM) values ('28',1400);
Insert into SYSTEM.PR_WORKTOGENRE (BOOK_NUM,GENRE_NUM) values ('29',1600);
Insert into SYSTEM.PR_WORKTOGENRE (BOOK_NUM,GENRE_NUM) values ('30',1800);
Insert into SYSTEM.PR_WORKTOGENRE (BOOK_NUM,GENRE_NUM) values ('31',1800);
Insert into SYSTEM.PR_WORKTOGENRE (BOOK_NUM,GENRE_NUM) values ('32',1400);
Insert into SYSTEM.PR_WORKTOGENRE (BOOK_NUM,GENRE_NUM) values ('33',1800);
Insert into SYSTEM.PR_WORKTOGENRE (BOOK_NUM,GENRE_NUM) values ('34',1400);
Insert into SYSTEM.PR_WORKTOGENRE (BOOK_NUM,GENRE_NUM) values ('35',1400);
Insert into SYSTEM.PR_WORKTOGENRE (BOOK_NUM,GENRE_NUM) values ('36',1900);
Insert into SYSTEM.PR_WORKTOGENRE (BOOK_NUM,GENRE_NUM) values ('37',2000);
Insert into SYSTEM.PR_WORKTOGENRE (BOOK_NUM,GENRE_NUM) values ('38',1400);
Insert into SYSTEM.PR_WORKTOGENRE (BOOK_NUM,GENRE_NUM) values ('39',1500);
Insert into SYSTEM.PR_WORKTOGENRE (BOOK_NUM,GENRE_NUM) values ('40',1400);
Insert into SYSTEM.PR_WORKTOGENRE (BOOK_NUM,GENRE_NUM) values ('41',2500);
Insert into SYSTEM.PR_WORKTOGENRE (BOOK_NUM,GENRE_NUM) values ('42',1100);
Insert into SYSTEM.PR_WORKTOGENRE (BOOK_NUM,GENRE_NUM) values ('43',1000);
Insert into SYSTEM.PR_WORKTOGENRE (BOOK_NUM,GENRE_NUM) values ('44',2300);
Insert into SYSTEM.PR_WORKTOGENRE (BOOK_NUM,GENRE_NUM) values ('45',1500);
Insert into SYSTEM.PR_WORKTOGENRE (BOOK_NUM,GENRE_NUM) values ('46',700);
Insert into SYSTEM.PR_WORKTOGENRE (BOOK_NUM,GENRE_NUM) values ('47',1100);
Insert into SYSTEM.PR_WORKTOGENRE (BOOK_NUM,GENRE_NUM) values ('48',2000);
Insert into SYSTEM.PR_WORKTOGENRE (BOOK_NUM,GENRE_NUM) values ('49',500);
Insert into SYSTEM.PR_WORKTOGENRE (BOOK_NUM,GENRE_NUM) values ('50',2700);
Insert into SYSTEM.PR_WORKTOGENRE (BOOK_NUM,GENRE_NUM) values ('48',2700);
REM INSERTING into SYSTEM.PR_WRITER
SET DEFINE OFF;
Insert into SYSTEM.PR_WRITER (WRITER_NUM,WRITER_NAME,COUNTRY_NUM) values ('1','한강',1);
Insert into SYSTEM.PR_WRITER (WRITER_NUM,WRITER_NAME,COUNTRY_NUM) values ('2','김애란',1);
Insert into SYSTEM.PR_WRITER (WRITER_NUM,WRITER_NAME,COUNTRY_NUM) values ('3','유발 하라리',4);
Insert into SYSTEM.PR_WRITER (WRITER_NUM,WRITER_NAME,COUNTRY_NUM) values ('4','히가시노 게이고',2);
Insert into SYSTEM.PR_WRITER (WRITER_NUM,WRITER_NAME,COUNTRY_NUM) values ('5','정유정',1);
Insert into SYSTEM.PR_WRITER (WRITER_NUM,WRITER_NAME,COUNTRY_NUM) values ('6','제임스 클리어',4);
Insert into SYSTEM.PR_WRITER (WRITER_NUM,WRITER_NAME,COUNTRY_NUM) values ('7','모건 하우절',4);
Insert into SYSTEM.PR_WRITER (WRITER_NUM,WRITER_NAME,COUNTRY_NUM) values ('8','코이케 류노스케',4);
Insert into SYSTEM.PR_WRITER (WRITER_NUM,WRITER_NAME,COUNTRY_NUM) values ('9','백세희',1);
Insert into SYSTEM.PR_WRITER (WRITER_NUM,WRITER_NAME,COUNTRY_NUM) values ('10','최재천',1);
Insert into SYSTEM.PR_WRITER (WRITER_NUM,WRITER_NAME,COUNTRY_NUM) values ('11','조너선 하이트',4);
Insert into SYSTEM.PR_WRITER (WRITER_NUM,WRITER_NAME,COUNTRY_NUM) values ('12','유선경',1);
Insert into SYSTEM.PR_WRITER (WRITER_NUM,WRITER_NAME,COUNTRY_NUM) values ('13','세이노',1);
Insert into SYSTEM.PR_WRITER (WRITER_NUM,WRITER_NAME,COUNTRY_NUM) values ('14','줄리언 반스',4);
Insert into SYSTEM.PR_WRITER (WRITER_NUM,WRITER_NAME,COUNTRY_NUM) values ('15','클레어 키건',4);
Insert into SYSTEM.PR_WRITER (WRITER_NUM,WRITER_NAME,COUNTRY_NUM) values ('16','이민진',1);
Insert into SYSTEM.PR_WRITER (WRITER_NUM,WRITER_NAME,COUNTRY_NUM) values ('17','김영하',1);
Insert into SYSTEM.PR_WRITER (WRITER_NUM,WRITER_NAME,COUNTRY_NUM) values ('18','헤르만 헤세',4);
Insert into SYSTEM.PR_WRITER (WRITER_NUM,WRITER_NAME,COUNTRY_NUM) values ('19','양귀자',1);
Insert into SYSTEM.PR_WRITER (WRITER_NUM,WRITER_NAME,COUNTRY_NUM) values ('20','유시민',1);
Insert into SYSTEM.PR_WRITER (WRITER_NUM,WRITER_NAME,COUNTRY_NUM) values ('21','메리안 렌즈',4);
Insert into SYSTEM.PR_WRITER (WRITER_NUM,WRITER_NAME,COUNTRY_NUM) values ('22','아오야마 고쇼',2);
Insert into SYSTEM.PR_WRITER (WRITER_NUM,WRITER_NAME,COUNTRY_NUM) values ('23','김호연',1);
Insert into SYSTEM.PR_WRITER (WRITER_NUM,WRITER_NAME,COUNTRY_NUM) values ('24','정희원',1);
Insert into SYSTEM.PR_WRITER (WRITER_NUM,WRITER_NAME,COUNTRY_NUM) values ('25','강용수',1);
Insert into SYSTEM.PR_WRITER (WRITER_NUM,WRITER_NAME,COUNTRY_NUM) values ('26','임소미',1);
Insert into SYSTEM.PR_WRITER (WRITER_NUM,WRITER_NAME,COUNTRY_NUM) values ('27','이정모',1);
Insert into SYSTEM.PR_WRITER (WRITER_NUM,WRITER_NAME,COUNTRY_NUM) values ('28','기시미 이치로',2);
Insert into SYSTEM.PR_WRITER (WRITER_NUM,WRITER_NAME,COUNTRY_NUM) values ('29','손원평',1);
Insert into SYSTEM.PR_WRITER (WRITER_NUM,WRITER_NAME,COUNTRY_NUM) values ('30','백희성',1);
--------------------------------------------------------
--  DDL for Index SYS_C008402
--------------------------------------------------------

  CREATE UNIQUE INDEX "SYSTEM"."SYS_C008402" ON "SYSTEM"."PR_MEMBER" ("MEMBER_NUM") 
  PCTFREE 10 INITRANS 2 MAXTRANS 255 
  STORAGE(INITIAL 65536 NEXT 1048576 MINEXTENTS 1 MAXEXTENTS 2147483645
  PCTINCREASE 0 FREELISTS 1 FREELIST GROUPS 1
  BUFFER_POOL DEFAULT FLASH_CACHE DEFAULT CELL_FLASH_CACHE DEFAULT)
  TABLESPACE "SYSTEM" ;
--------------------------------------------------------
--  DDL for Index PK_WORKTOGENRE
--------------------------------------------------------

  CREATE UNIQUE INDEX "SYSTEM"."PK_WORKTOGENRE" ON "SYSTEM"."PR_WORKTOGENRE" ("BOOK_NUM", "GENRE_NUM") 
  PCTFREE 10 INITRANS 2 MAXTRANS 255 
  STORAGE(INITIAL 65536 NEXT 1048576 MINEXTENTS 1 MAXEXTENTS 2147483645
  PCTINCREASE 0 FREELISTS 1 FREELIST GROUPS 1
  BUFFER_POOL DEFAULT FLASH_CACHE DEFAULT CELL_FLASH_CACHE DEFAULT)
  TABLESPACE "SYSTEM" ;
--------------------------------------------------------
--  Constraints for Table PR_MEMBER
--------------------------------------------------------

  ALTER TABLE "SYSTEM"."PR_MEMBER" ADD PRIMARY KEY ("MEMBER_NUM")
  USING INDEX PCTFREE 10 INITRANS 2 MAXTRANS 255 
  STORAGE(INITIAL 65536 NEXT 1048576 MINEXTENTS 1 MAXEXTENTS 2147483645
  PCTINCREASE 0 FREELISTS 1 FREELIST GROUPS 1
  BUFFER_POOL DEFAULT FLASH_CACHE DEFAULT CELL_FLASH_CACHE DEFAULT)
  TABLESPACE "SYSTEM"  ENABLE;
--------------------------------------------------------
--  Constraints for Table PR_WORKTOGENRE
--------------------------------------------------------

  ALTER TABLE "SYSTEM"."PR_WORKTOGENRE" ADD CONSTRAINT "PK_WORKTOGENRE" PRIMARY KEY ("BOOK_NUM", "GENRE_NUM")
  USING INDEX PCTFREE 10 INITRANS 2 MAXTRANS 255 
  STORAGE(INITIAL 65536 NEXT 1048576 MINEXTENTS 1 MAXEXTENTS 2147483645
  PCTINCREASE 0 FREELISTS 1 FREELIST GROUPS 1
  BUFFER_POOL DEFAULT FLASH_CACHE DEFAULT CELL_FLASH_CACHE DEFAULT)
  TABLESPACE "SYSTEM"  ENABLE;
